n_zero_crossings,mean_interval_s,median_interval_s,std_interval_s
7,22.252716666666668,0.18350000000000222,35.659590736317575
