,pressure_msl (hPa),relative_humidity_2m (%)
mean,1018.3230316157471,60.97668718650251
std,6.5521374845155735,23.135265141203355
