time,pred_temp1h,pred_temp2h,pred_temp3h,pred_temp4h,pred_temp5h,pred_temp6h,pred_temp7h,pred_temp8h,pred_temp9h,pred_temp10h,pred_temp11h,pred_temp12h,pred_temp13h,pred_temp14h,pred_temp15h,pred_temp16h,pred_temp17h,pred_temp18h,pred_temp19h,pred_temp20h,pred_temp21h,pred_temp22h,pred_temp23h,pred_temp24h
2025-05-17 16:00:00,22.363277538646525,21.45098261764626,19.866660440868426,18.091617439860773,16.71489030844577,15.769851856037324,14.955787219333514,14.220144463531721,13.54807360087107,12.827718327330192,12.101666389431543,11.554058651974122,11.08456915886326,10.798421721877268,11.442011959123498,13.106790229860172,14.847638058244506,16.257490490496107,17.43274179687187,18.403964462468863,19.13562981803875,19.55281088685187,19.717307827096878,19.561804256364727
